id,dataset_name,category,source,last_updated,record_count,file_size_mb,created_at
1,dataset_1,finance,API,6/1/2024,43048,406.07,1/1/2024
2,dataset_2,security,Database,6/2/2024,35257,221.58,1/2/2024
3,dataset_3,finance,API,6/3/2024,3729,362.94,1/3/2024
4,dataset_4,sales,CSV Upload,6/4/2024,10234,147.9,1/4/2024
5,dataset_5,operations,Database,6/5/2024,14623,371.77,1/5/2024
6,dataset_6,finance,Database,6/6/2024,44802,492.3,1/6/2024
7,dataset_7,operations,Database,6/7/2024,35532,276.77,1/7/2024
8,dataset_8,sales,API,6/8/2024,30539,373.56,1/8/2024
9,dataset_9,finance,Database,6/9/2024,18322,109.1,1/9/2024
10,dataset_10,security,API,6/10/2024,41940,60.33,1/10/2024
11,dataset_11,security,Database,6/11/2024,40165,6.46,1/11/2024
12,dataset_12,operations,API,6/12/2024,12606,206.59,1/12/2024
13,dataset_13,sales,CSV Upload,6/13/2024,21420,324.55,1/13/2024
14,dataset_14,security,API,6/14/2024,30355,240.49,1/14/2024
15,dataset_15,operations,API,6/15/2024,47917,467.8,1/15/2024
16,dataset_16,security,Database,6/16/2024,9452,393.07,1/16/2024
17,dataset_17,operations,Database,6/17/2024,35404,23.31,1/17/2024
18,dataset_18,security,Database,6/18/2024,16255,240.25,1/18/2024
19,dataset_19,finance,Database,6/19/2024,33601,167.31,1/19/2024
20,dataset_20,finance,CSV Upload,6/20/2024,25857,148.99,1/20/2024
21,dataset_21,sales,Database,6/21/2024,31072,279.4,1/21/2024
22,dataset_22,finance,Database,6/22/2024,16864,116.86,1/22/2024
23,dataset_23,sales,CSV Upload,6/23/2024,16922,300.19,1/23/2024
24,dataset_24,sales,API,6/24/2024,4084,116.01,1/24/2024
25,dataset_25,sales,Database,6/25/2024,37362,442.99,1/25/2024
26,dataset_26,operations,Database,6/26/2024,36564,346.17,1/26/2024
27,dataset_27,operations,API,6/27/2024,11007,105.66,1/27/2024
28,dataset_28,finance,Database,6/28/2024,6759,495.8,1/28/2024
29,dataset_29,security,CSV Upload,6/29/2024,3621,231.51,1/29/2024
30,dataset_30,finance,Database,6/30/2024,32162,441.57,1/30/2024
31,dataset_31,security,CSV Upload,7/1/2024,13833,16.72,1/31/2024
32,dataset_32,sales,API,7/2/2024,34369,93.25,2/1/2024
33,dataset_33,operations,Database,7/3/2024,14297,107,2/2/2024
34,dataset_34,finance,CSV Upload,7/4/2024,15333,295.33,2/3/2024
35,dataset_35,sales,Database,7/5/2024,36604,357.19,2/4/2024
36,dataset_36,security,Database,7/6/2024,16542,362.15,2/5/2024
37,dataset_37,operations,Database,7/7/2024,32017,274.19,2/6/2024
38,dataset_38,security,CSV Upload,7/8/2024,49492,306.77,2/7/2024
39,dataset_39,operations,Database,7/9/2024,48478,424.27,2/8/2024
40,dataset_40,operations,CSV Upload,7/10/2024,20759,153.54,2/9/2024
41,dataset_41,finance,Database,7/11/2024,16659,269.42,2/10/2024
42,dataset_42,sales,Database,7/12/2024,20096,413.83,2/11/2024
43,dataset_43,operations,Database,7/13/2024,41311,169.48,2/12/2024
44,dataset_44,operations,Database,7/14/2024,3880,231.69,2/13/2024
45,dataset_45,finance,CSV Upload,7/15/2024,25120,324.1,2/14/2024
46,dataset_46,operations,Database,7/16/2024,1271,46.36,2/15/2024
47,dataset_47,sales,API,7/17/2024,41653,351.46,2/16/2024
48,dataset_48,operations,CSV Upload,7/18/2024,19074,15.26,2/17/2024
49,dataset_49,operations,CSV Upload,7/19/2024,36548,188.65,2/18/2024
50,dataset_50,security,API,7/20/2024,47653,419.21,2/19/2024
51,dataset_51,operations,CSV Upload,7/21/2024,26923,489.77,2/20/2024
52,dataset_52,sales,API,7/22/2024,39464,420.72,2/21/2024
53,dataset_53,security,CSV Upload,7/23/2024,38859,263.15,2/22/2024
54,dataset_54,sales,API,7/24/2024,46956,386.32,2/23/2024
55,dataset_55,sales,API,7/25/2024,44450,14.44,2/24/2024
56,dataset_56,security,API,7/26/2024,37999,18.8,2/25/2024
57,dataset_57,sales,API,7/27/2024,8166,245.26,2/26/2024
58,dataset_58,finance,API,7/28/2024,6672,132.1,2/27/2024
59,dataset_59,finance,Database,7/29/2024,6012,494.24,2/28/2024
60,dataset_60,sales,CSV Upload,7/30/2024,16844,470.92,2/29/2024
61,dataset_61,operations,Database,7/31/2024,37814,312.36,3/1/2024
62,dataset_62,sales,CSV Upload,8/1/2024,41550,265.05,3/2/2024
63,dataset_63,sales,API,8/2/2024,47575,481.88,3/3/2024
64,dataset_64,sales,Database,8/3/2024,27624,135.03,3/4/2024
65,dataset_65,operations,CSV Upload,8/4/2024,6527,105.43,3/5/2024
66,dataset_66,sales,API,8/5/2024,17002,89.65,3/6/2024
67,dataset_67,operations,Database,8/6/2024,12539,476.5,3/7/2024
68,dataset_68,finance,API,8/7/2024,20505,128.24,3/8/2024
69,dataset_69,operations,CSV Upload,8/8/2024,30629,305.15,3/9/2024
70,dataset_70,finance,Database,8/9/2024,34940,372.99,3/10/2024
71,dataset_71,sales,API,8/10/2024,12078,146.35,3/11/2024
72,dataset_72,security,API,8/11/2024,4099,10.27,3/12/2024
73,dataset_73,security,API,8/12/2024,38527,264.76,3/13/2024
74,dataset_74,security,CSV Upload,8/13/2024,40073,368.01,3/14/2024
75,dataset_75,operations,Database,8/14/2024,33361,78.15,3/15/2024
76,dataset_76,operations,API,8/15/2024,19667,291.97,3/16/2024
77,dataset_77,operations,CSV Upload,8/16/2024,36655,68.74,3/17/2024
78,dataset_78,sales,API,8/17/2024,5572,370.51,3/18/2024
79,dataset_79,finance,CSV Upload,8/18/2024,8577,176.21,3/19/2024
80,dataset_80,operations,API,8/19/2024,23685,40.13,3/20/2024
81,dataset_81,operations,CSV Upload,8/20/2024,4680,78.32,3/21/2024
82,dataset_82,operations,Database,8/21/2024,8431,430.17,3/22/2024
83,dataset_83,security,Database,8/22/2024,6339,177.91,3/23/2024
84,dataset_84,finance,API,8/23/2024,7732,461.29,3/24/2024
85,dataset_85,finance,CSV Upload,8/24/2024,30492,231.87,3/25/2024
86,dataset_86,operations,API,8/25/2024,22396,38.36,3/26/2024
87,dataset_87,security,API,8/26/2024,5192,310.04,3/27/2024
88,dataset_88,security,Database,8/27/2024,11667,25.53,3/28/2024
89,dataset_89,sales,CSV Upload,8/28/2024,6791,288.02,3/29/2024
90,dataset_90,sales,Database,8/29/2024,48976,329.28,3/30/2024
91,dataset_91,sales,Database,8/30/2024,13403,44.27,3/31/2024
92,dataset_92,operations,CSV Upload,8/31/2024,25574,234.13,4/1/2024
93,dataset_93,security,Database,9/1/2024,48816,128.67,4/2/2024
94,dataset_94,operations,Database,9/2/2024,23018,421.88,4/3/2024
95,dataset_95,operations,API,9/3/2024,47266,113.69,4/4/2024
96,dataset_96,sales,CSV Upload,9/4/2024,45445,96.26,4/5/2024
97,dataset_97,finance,Database,9/5/2024,23854,115.86,4/6/2024
98,dataset_98,security,CSV Upload,9/6/2024,21990,131.46,4/7/2024
99,dataset_99,security,CSV Upload,9/7/2024,9376,260.03,4/8/2024
100,dataset_100,operations,API,9/8/2024,21342,416.15,4/9/2024
101,dataset_101,sales,Database,9/9/2024,17852,10.75,4/10/2024
102,dataset_102,finance,CSV Upload,9/10/2024,39135,179.92,4/11/2024
103,dataset_103,finance,Database,9/11/2024,12135,440.51,4/12/2024
104,dataset_104,security,CSV Upload,9/12/2024,14134,250.39,4/13/2024
105,dataset_105,sales,CSV Upload,9/13/2024,12245,431.98,4/14/2024
106,dataset_106,security,API,9/14/2024,16267,456.06,4/15/2024
107,dataset_107,operations,CSV Upload,9/15/2024,23678,88.13,4/16/2024
108,dataset_108,sales,API,9/16/2024,33212,130.61,4/17/2024
109,dataset_109,operations,CSV Upload,9/17/2024,32804,199.28,4/18/2024
110,dataset_110,sales,API,9/18/2024,29975,152.9,4/19/2024
111,dataset_111,operations,Database,9/19/2024,8387,450.08,4/20/2024
112,dataset_112,sales,Database,9/20/2024,29940,447.69,4/21/2024
113,dataset_113,operations,Database,9/21/2024,1026,320.17,4/22/2024
114,dataset_114,sales,API,9/22/2024,10609,61.37,4/23/2024
115,dataset_115,sales,API,9/23/2024,8371,454.7,4/24/2024
116,dataset_116,security,API,9/24/2024,46557,354.01,4/25/2024
117,dataset_117,operations,API,9/25/2024,18561,342.88,4/26/2024
118,dataset_118,operations,Database,9/26/2024,27810,326.29,4/27/2024
119,dataset_119,security,API,9/27/2024,16512,381.49,4/28/2024
120,dataset_120,security,Database,9/28/2024,3237,439.48,4/29/2024
121,dataset_121,operations,CSV Upload,9/29/2024,46362,254.34,4/30/2024
122,dataset_122,operations,CSV Upload,9/30/2024,2666,78.83,5/1/2024
123,dataset_123,finance,API,10/1/2024,38596,7.09,5/2/2024
124,dataset_124,security,API,10/2/2024,35314,342.26,5/3/2024
125,dataset_125,operations,CSV Upload,10/3/2024,1826,279.19,5/4/2024
126,dataset_126,sales,Database,10/4/2024,32290,274.26,5/5/2024
127,dataset_127,operations,CSV Upload,10/5/2024,7273,279.12,5/6/2024
128,dataset_128,finance,Database,10/6/2024,42462,258.44,5/7/2024
129,dataset_129,operations,API,10/7/2024,40365,456.49,5/8/2024
130,dataset_130,operations,Database,10/8/2024,23895,439.93,5/9/2024
131,dataset_131,operations,API,10/9/2024,33445,150.23,5/10/2024
132,dataset_132,sales,Database,10/10/2024,21482,452.42,5/11/2024
133,dataset_133,security,CSV Upload,10/11/2024,1860,163.75,5/12/2024
134,dataset_134,security,API,10/12/2024,40374,40.77,5/13/2024
135,dataset_135,finance,Database,10/13/2024,31782,128.17,5/14/2024
136,dataset_136,finance,CSV Upload,10/14/2024,24503,421.55,5/15/2024
137,dataset_137,operations,CSV Upload,10/15/2024,22189,218.22,5/16/2024
138,dataset_138,sales,Database,10/16/2024,38923,28.07,5/17/2024
139,dataset_139,operations,CSV Upload,10/17/2024,46553,121.78,5/18/2024
140,dataset_140,finance,API,10/18/2024,16015,95.04,5/19/2024
141,dataset_141,finance,Database,10/19/2024,9034,486.44,5/20/2024
142,dataset_142,operations,API,10/20/2024,24224,320.55,5/21/2024
143,dataset_143,security,API,10/21/2024,15763,492.43,5/22/2024
144,dataset_144,security,CSV Upload,10/22/2024,10185,140.03,5/23/2024
145,dataset_145,operations,CSV Upload,10/23/2024,43818,353.9,5/24/2024
146,dataset_146,sales,Database,10/24/2024,26461,356.28,5/25/2024
147,dataset_147,finance,API,10/25/2024,2639,389.66,5/26/2024
148,dataset_148,finance,Database,10/26/2024,10648,144.43,5/27/2024
149,dataset_149,sales,CSV Upload,10/27/2024,1174,264.56,5/28/2024
150,dataset_150,sales,Database,10/28/2024,42655,136.39,5/29/2024
151,dataset_151,security,CSV Upload,10/29/2024,30071,229.64,5/30/2024
152,dataset_152,operations,Database,10/30/2024,12694,91.33,5/31/2024
153,dataset_153,sales,Database,10/31/2024,32286,273.14,6/1/2024
154,dataset_154,sales,API,11/1/2024,39231,407.66,6/2/2024
155,dataset_155,sales,CSV Upload,11/2/2024,19279,192.52,6/3/2024
156,dataset_156,finance,API,11/3/2024,34937,153.66,6/4/2024
157,dataset_157,operations,CSV Upload,11/4/2024,38323,157.17,6/5/2024
158,dataset_158,security,API,11/5/2024,24941,299.94,6/6/2024
159,dataset_159,sales,CSV Upload,11/6/2024,27187,110.5,6/7/2024
160,dataset_160,sales,API,11/7/2024,39102,173.74,6/8/2024
161,dataset_161,sales,API,11/8/2024,8613,28.72,6/9/2024
162,dataset_162,finance,Database,11/9/2024,6254,434.23,6/10/2024
163,dataset_163,operations,API,11/10/2024,45190,177.48,6/11/2024
164,dataset_164,finance,CSV Upload,11/11/2024,6401,265.07,6/12/2024
165,dataset_165,security,API,11/12/2024,29209,419.14,6/13/2024
166,dataset_166,security,CSV Upload,11/13/2024,9125,435.34,6/14/2024
167,dataset_167,sales,CSV Upload,11/14/2024,25900,263.11,6/15/2024
168,dataset_168,security,Database,11/15/2024,48855,62.87,6/16/2024
169,dataset_169,security,API,11/16/2024,43549,153.62,6/17/2024
170,dataset_170,sales,API,11/17/2024,42375,292.85,6/18/2024
171,dataset_171,security,Database,11/18/2024,5846,403.4,6/19/2024
172,dataset_172,finance,API,11/19/2024,22156,440.65,6/20/2024
173,dataset_173,sales,API,11/20/2024,35748,19.6,6/21/2024
174,dataset_174,finance,API,11/21/2024,40867,258.21,6/22/2024
175,dataset_175,sales,CSV Upload,11/22/2024,20201,12.12,6/23/2024
176,dataset_176,security,Database,11/23/2024,2508,397.15,6/24/2024
177,dataset_177,security,API,11/24/2024,43025,476.1,6/25/2024
178,dataset_178,operations,API,11/25/2024,36558,372.61,6/26/2024
179,dataset_179,finance,CSV Upload,11/26/2024,44268,451.06,6/27/2024
180,dataset_180,operations,CSV Upload,11/27/2024,32849,11.27,6/28/2024
181,dataset_181,operations,API,11/28/2024,29940,99.65,6/29/2024
182,dataset_182,security,Database,11/29/2024,27524,134.45,6/30/2024
183,dataset_183,security,CSV Upload,11/30/2024,25553,113.96,7/1/2024
184,dataset_184,operations,Database,12/1/2024,2961,146.23,7/2/2024
185,dataset_185,security,CSV Upload,12/2/2024,17116,25.8,7/3/2024
186,dataset_186,operations,Database,12/3/2024,4778,129.18,7/4/2024
187,dataset_187,sales,API,12/4/2024,44667,254.66,7/5/2024
188,dataset_188,finance,CSV Upload,12/5/2024,34942,252.94,7/6/2024
189,dataset_189,security,CSV Upload,12/6/2024,14849,477.42,7/7/2024
190,dataset_190,operations,API,12/7/2024,47041,229.66,7/8/2024
191,dataset_191,operations,API,12/8/2024,34409,246.84,7/9/2024
192,dataset_192,sales,API,12/9/2024,36456,359.22,7/10/2024
193,dataset_193,sales,CSV Upload,12/10/2024,33816,115.22,7/11/2024
194,dataset_194,security,Database,12/11/2024,3188,334.17,7/12/2024
195,dataset_195,operations,CSV Upload,12/12/2024,45808,184.89,7/13/2024
196,dataset_196,operations,CSV Upload,12/13/2024,47881,139.66,7/14/2024
197,dataset_197,operations,CSV Upload,12/14/2024,17074,149.41,7/15/2024
198,dataset_198,sales,CSV Upload,12/15/2024,2539,209.39,7/16/2024
199,dataset_199,security,Database,12/16/2024,1862,440.61,7/17/2024
200,dataset_200,security,CSV Upload,12/17/2024,25861,185.81,7/18/2024
201,dataset_201,operations,API,12/18/2024,47800,426.88,7/19/2024
202,dataset_202,sales,CSV Upload,12/19/2024,22819,489.62,7/20/2024
203,dataset_203,finance,CSV Upload,12/20/2024,5623,63.32,7/21/2024
204,dataset_204,security,CSV Upload,12/21/2024,1052,43.4,7/22/2024
205,dataset_205,security,API,12/22/2024,34812,117.77,7/23/2024
206,dataset_206,operations,CSV Upload,12/23/2024,24980,82.52,7/24/2024
207,dataset_207,finance,API,12/24/2024,45678,280.4,7/25/2024
208,dataset_208,operations,Database,12/25/2024,39046,404.88,7/26/2024
209,dataset_209,finance,Database,12/26/2024,45051,61.14,7/27/2024
210,dataset_210,operations,Database,12/27/2024,2560,372.08,7/28/2024
211,dataset_211,finance,API,12/28/2024,28659,318.88,7/29/2024
212,dataset_212,sales,API,12/29/2024,24523,181.83,7/30/2024
213,dataset_213,sales,API,12/30/2024,46415,289.93,7/31/2024
214,dataset_214,sales,Database,12/31/2024,9134,144.79,8/1/2024
215,dataset_215,security,Database,1/1/2025,23418,35.37,8/2/2024
216,dataset_216,finance,CSV Upload,1/2/2025,20490,198.28,8/3/2024
217,dataset_217,sales,CSV Upload,1/3/2025,3915,455.36,8/4/2024
218,dataset_218,operations,CSV Upload,1/4/2025,6909,433.35,8/5/2024
219,dataset_219,operations,Database,1/5/2025,46503,492,8/6/2024
220,dataset_220,finance,Database,1/6/2025,31695,342.02,8/7/2024
221,dataset_221,sales,CSV Upload,1/7/2025,2358,416.66,8/8/2024
222,dataset_222,finance,Database,1/8/2025,44065,440.39,8/9/2024
223,dataset_223,security,CSV Upload,1/9/2025,11014,425.37,8/10/2024
224,dataset_224,sales,API,1/10/2025,40764,437.09,8/11/2024
225,dataset_225,finance,Database,1/11/2025,30866,457.89,8/12/2024
226,dataset_226,sales,API,1/12/2025,1664,173.81,8/13/2024
227,dataset_227,finance,Database,1/13/2025,4956,396.77,8/14/2024
228,dataset_228,sales,CSV Upload,1/14/2025,40749,385.85,8/15/2024
229,dataset_229,finance,Database,1/15/2025,21125,139.68,8/16/2024
230,dataset_230,operations,CSV Upload,1/16/2025,5496,155.51,8/17/2024
231,dataset_231,security,CSV Upload,1/17/2025,39302,111.63,8/18/2024
232,dataset_232,operations,Database,1/18/2025,13370,305.51,8/19/2024
233,dataset_233,security,Database,1/19/2025,22595,8.87,8/20/2024
234,dataset_234,operations,Database,1/20/2025,8252,84.94,8/21/2024
235,dataset_235,finance,CSV Upload,1/21/2025,28381,44.43,8/22/2024
236,dataset_236,security,API,1/22/2025,8770,347.15,8/23/2024
237,dataset_237,operations,Database,1/23/2025,19356,73.34,8/24/2024
238,dataset_238,sales,API,1/24/2025,39331,354.36,8/25/2024
239,dataset_239,operations,CSV Upload,1/25/2025,4453,77.54,8/26/2024
240,dataset_240,finance,API,1/26/2025,39655,83.2,8/27/2024
241,dataset_241,operations,CSV Upload,1/27/2025,39810,30.89,8/28/2024
242,dataset_242,finance,CSV Upload,1/28/2025,39295,30.18,8/29/2024
243,dataset_243,sales,CSV Upload,1/29/2025,22229,485.44,8/30/2024
244,dataset_244,sales,API,1/30/2025,6367,442.11,8/31/2024
245,dataset_245,sales,CSV Upload,1/31/2025,4979,320.82,9/1/2024
246,dataset_246,finance,Database,2/1/2025,32519,456.37,9/2/2024
247,dataset_247,operations,API,2/2/2025,4203,465.67,9/3/2024
248,dataset_248,sales,Database,2/3/2025,41457,261.57,9/4/2024
249,dataset_249,operations,CSV Upload,2/4/2025,21366,213.65,9/5/2024
250,dataset_250,operations,Database,2/5/2025,10380,21.61,9/6/2024
251,dataset_251,finance,Database,2/6/2025,2274,134.88,9/7/2024
252,dataset_252,security,Database,2/7/2025,33715,304.46,9/8/2024
253,dataset_253,finance,CSV Upload,2/8/2025,41618,489.2,9/9/2024
254,dataset_254,security,API,2/9/2025,33151,91.03,9/10/2024
255,dataset_255,finance,Database,2/10/2025,18874,232.59,9/11/2024
256,dataset_256,finance,Database,2/11/2025,14332,256.37,9/12/2024
257,dataset_257,finance,CSV Upload,2/12/2025,13577,49.92,9/13/2024
258,dataset_258,finance,CSV Upload,2/13/2025,27853,24.99,9/14/2024
259,dataset_259,security,Database,2/14/2025,24136,93.61,9/15/2024
260,dataset_260,sales,API,2/15/2025,14247,362.58,9/16/2024
261,dataset_261,finance,API,2/16/2025,40579,276.15,9/17/2024
262,dataset_262,operations,Database,2/17/2025,26194,205.25,9/18/2024
263,dataset_263,sales,CSV Upload,2/18/2025,23530,32.13,9/19/2024
264,dataset_264,security,CSV Upload,2/19/2025,24738,90.55,9/20/2024
265,dataset_265,security,API,2/20/2025,16074,258.58,9/21/2024
266,dataset_266,sales,API,2/21/2025,32234,141.61,9/22/2024
267,dataset_267,operations,API,2/22/2025,21399,138.3,9/23/2024
268,dataset_268,operations,API,2/23/2025,8475,284.79,9/24/2024
269,dataset_269,sales,API,2/24/2025,2276,449.27,9/25/2024
270,dataset_270,finance,CSV Upload,2/25/2025,30244,310.79,9/26/2024
271,dataset_271,security,CSV Upload,2/26/2025,31726,228.72,9/27/2024
272,dataset_272,operations,API,2/27/2025,11406,70.19,9/28/2024
273,dataset_273,finance,Database,2/28/2025,29459,445.06,9/29/2024
274,dataset_274,security,Database,3/1/2025,32967,96.91,9/30/2024
275,dataset_275,operations,CSV Upload,3/2/2025,5674,469.53,10/1/2024
276,dataset_276,finance,Database,3/3/2025,6744,55.91,10/2/2024
277,dataset_277,security,Database,3/4/2025,47146,404.11,10/3/2024
278,dataset_278,sales,API,3/5/2025,29236,292.15,10/4/2024
279,dataset_279,finance,CSV Upload,3/6/2025,7610,337.99,10/5/2024
280,dataset_280,sales,Database,3/7/2025,48307,420.67,10/6/2024
281,dataset_281,operations,CSV Upload,3/8/2025,34277,408.13,10/7/2024
282,dataset_282,sales,Database,3/9/2025,40500,97.35,10/8/2024
283,dataset_283,security,Database,3/10/2025,31916,19.37,10/9/2024
284,dataset_284,finance,CSV Upload,3/11/2025,39886,398.5,10/10/2024
285,dataset_285,finance,CSV Upload,3/12/2025,22312,151.84,10/11/2024
286,dataset_286,operations,CSV Upload,3/13/2025,45145,429.04,10/12/2024
287,dataset_287,security,CSV Upload,3/14/2025,10568,227.01,10/13/2024
288,dataset_288,finance,CSV Upload,3/15/2025,35562,444.39,10/14/2024
289,dataset_289,security,CSV Upload,3/16/2025,3862,345.99,10/15/2024
290,dataset_290,finance,CSV Upload,3/17/2025,38413,463.58,10/16/2024
291,dataset_291,sales,API,3/18/2025,8128,16.94,10/17/2024
292,dataset_292,security,API,3/19/2025,4720,44.01,10/18/2024
293,dataset_293,finance,Database,3/20/2025,12971,206.31,10/19/2024
294,dataset_294,sales,Database,3/21/2025,1365,409.38,10/20/2024
295,dataset_295,finance,Database,3/22/2025,20387,278.71,10/21/2024
296,dataset_296,operations,CSV Upload,3/23/2025,29730,466.83,10/22/2024
297,dataset_297,security,CSV Upload,3/24/2025,12077,173.81,10/23/2024
298,dataset_298,security,Database,3/25/2025,32533,365.17,10/24/2024
299,dataset_299,finance,Database,3/26/2025,8114,491.3,10/25/2024
300,dataset_300,operations,API,3/27/2025,37723,67.3,10/26/2024
301,dataset_301,sales,Database,3/28/2025,27301,460.47,10/27/2024
302,dataset_302,finance,API,3/29/2025,23917,450.78,10/28/2024
303,dataset_303,security,Database,3/30/2025,16249,189.41,10/29/2024
304,dataset_304,security,Database,3/31/2025,38076,323.23,10/30/2024
305,dataset_305,sales,CSV Upload,4/1/2025,16594,400.05,10/31/2024
306,dataset_306,sales,Database,4/2/2025,26901,248.94,11/1/2024
307,dataset_307,sales,CSV Upload,4/3/2025,9192,459.1,11/2/2024
308,dataset_308,finance,Database,4/4/2025,30940,173.37,11/3/2024
309,dataset_309,operations,API,4/5/2025,8816,307.79,11/4/2024
310,dataset_310,sales,CSV Upload,4/6/2025,22955,248.06,11/5/2024
311,dataset_311,sales,CSV Upload,4/7/2025,34788,103.64,11/6/2024
312,dataset_312,finance,Database,4/8/2025,11515,135.03,11/7/2024
313,dataset_313,finance,API,4/9/2025,48792,433.5,11/8/2024
314,dataset_314,security,Database,4/10/2025,40888,450.36,11/9/2024
315,dataset_315,security,CSV Upload,4/11/2025,43936,83.99,11/10/2024
316,dataset_316,security,CSV Upload,4/12/2025,37909,227.1,11/11/2024
317,dataset_317,operations,CSV Upload,4/13/2025,5383,330.2,11/12/2024
318,dataset_318,security,Database,4/14/2025,23405,14.92,11/13/2024
319,dataset_319,security,Database,4/15/2025,41353,352.85,11/14/2024
320,dataset_320,finance,Database,4/16/2025,45037,177.04,11/15/2024
321,dataset_321,operations,API,4/17/2025,37936,123.28,11/16/2024
322,dataset_322,finance,API,4/18/2025,33885,101.84,11/17/2024
323,dataset_323,sales,CSV Upload,4/19/2025,8899,442.19,11/18/2024
324,dataset_324,sales,Database,4/20/2025,2357,349.98,11/19/2024
325,dataset_325,finance,API,4/21/2025,45934,218.99,11/20/2024
326,dataset_326,operations,CSV Upload,4/22/2025,47097,397.48,11/21/2024
327,dataset_327,operations,API,4/23/2025,19382,6.67,11/22/2024
328,dataset_328,sales,Database,4/24/2025,11420,185.44,11/23/2024
329,dataset_329,security,API,4/25/2025,40091,188.05,11/24/2024
330,dataset_330,security,Database,4/26/2025,28383,188.54,11/25/2024
331,dataset_331,sales,Database,4/27/2025,35792,468.08,11/26/2024
332,dataset_332,sales,CSV Upload,4/28/2025,18020,347.26,11/27/2024
333,dataset_333,operations,Database,4/29/2025,48737,222.17,11/28/2024
334,dataset_334,security,CSV Upload,4/30/2025,40853,113.43,11/29/2024
335,dataset_335,sales,Database,5/1/2025,32993,475.51,11/30/2024
336,dataset_336,sales,API,5/2/2025,17453,122.41,12/1/2024
337,dataset_337,security,CSV Upload,5/3/2025,14438,329.58,12/2/2024
338,dataset_338,sales,Database,5/4/2025,34613,335.24,12/3/2024
339,dataset_339,finance,Database,5/5/2025,42963,33.85,12/4/2024
340,dataset_340,sales,API,5/6/2025,7387,254.97,12/5/2024
341,dataset_341,finance,CSV Upload,5/7/2025,10539,293.81,12/6/2024
342,dataset_342,sales,CSV Upload,5/8/2025,16374,387.06,12/7/2024
343,dataset_343,sales,Database,5/9/2025,4209,239.37,12/8/2024
344,dataset_344,sales,CSV Upload,5/10/2025,28476,313.21,12/9/2024
345,dataset_345,sales,API,5/11/2025,3907,94.26,12/10/2024
346,dataset_346,sales,Database,5/12/2025,28594,371.5,12/11/2024
347,dataset_347,operations,CSV Upload,5/13/2025,17038,8.14,12/12/2024
348,dataset_348,sales,API,5/14/2025,25065,175.52,12/13/2024
349,dataset_349,sales,API,5/15/2025,36205,401.13,12/14/2024
350,dataset_350,finance,Database,5/16/2025,35382,394.16,12/15/2024
351,dataset_351,security,Database,5/17/2025,40787,269.4,12/16/2024
352,dataset_352,finance,CSV Upload,5/18/2025,27181,168.72,12/17/2024
353,dataset_353,sales,Database,5/19/2025,7652,10.11,12/18/2024
354,dataset_354,sales,Database,5/20/2025,16719,284.99,12/19/2024
355,dataset_355,finance,API,5/21/2025,20221,143.5,12/20/2024
356,dataset_356,finance,Database,5/22/2025,28180,34.62,12/21/2024
357,dataset_357,sales,CSV Upload,5/23/2025,5217,416.18,12/22/2024
358,dataset_358,security,Database,5/24/2025,10645,426.64,12/23/2024
359,dataset_359,finance,API,5/25/2025,42015,211.29,12/24/2024
360,dataset_360,sales,API,5/26/2025,41484,92.55,12/25/2024
361,dataset_361,operations,CSV Upload,5/27/2025,4579,134.17,12/26/2024
362,dataset_362,finance,CSV Upload,5/28/2025,3249,70.58,12/27/2024
363,dataset_363,security,Database,5/29/2025,37200,81.67,12/28/2024
364,dataset_364,security,CSV Upload,5/30/2025,48970,86.24,12/29/2024
365,dataset_365,operations,API,5/31/2025,42158,80.34,12/30/2024
366,dataset_366,finance,Database,6/1/2025,9627,70.67,12/31/2024
367,dataset_367,finance,Database,6/2/2025,33173,25.81,1/1/2025
368,dataset_368,operations,CSV Upload,6/3/2025,27284,147.88,1/2/2025
369,dataset_369,finance,API,6/4/2025,28697,404.86,1/3/2025
370,dataset_370,sales,CSV Upload,6/5/2025,23046,135.76,1/4/2025
371,dataset_371,sales,API,6/6/2025,19925,476.34,1/5/2025
372,dataset_372,operations,API,6/7/2025,48341,494.81,1/6/2025
373,dataset_373,operations,API,6/8/2025,16618,121.51,1/7/2025
374,dataset_374,finance,CSV Upload,6/9/2025,44990,378.71,1/8/2025
375,dataset_375,security,Database,6/10/2025,39514,424.14,1/9/2025
376,dataset_376,operations,API,6/11/2025,6816,330.53,1/10/2025
377,dataset_377,operations,Database,6/12/2025,20255,454.93,1/11/2025
378,dataset_378,operations,API,6/13/2025,47125,434.47,1/12/2025
379,dataset_379,sales,Database,6/14/2025,16145,476.53,1/13/2025
380,dataset_380,operations,API,6/15/2025,47509,220.52,1/14/2025
381,dataset_381,sales,API,6/16/2025,44409,21.92,1/15/2025
382,dataset_382,operations,API,6/17/2025,20220,444.76,1/16/2025
383,dataset_383,sales,CSV Upload,6/18/2025,8406,217.08,1/17/2025
384,dataset_384,finance,CSV Upload,6/19/2025,41593,141.7,1/18/2025
385,dataset_385,operations,Database,6/20/2025,23926,443.47,1/19/2025
386,dataset_386,security,Database,6/21/2025,12364,414.83,1/20/2025
387,dataset_387,finance,CSV Upload,6/22/2025,14156,411.75,1/21/2025
388,dataset_388,sales,Database,6/23/2025,46779,83.45,1/22/2025
389,dataset_389,operations,API,6/24/2025,46899,87.08,1/23/2025
390,dataset_390,operations,CSV Upload,6/25/2025,11935,308.98,1/24/2025
391,dataset_391,sales,Database,6/26/2025,41160,243.11,1/25/2025
392,dataset_392,sales,CSV Upload,6/27/2025,4987,291.3,1/26/2025
393,dataset_393,sales,API,6/28/2025,10045,296.51,1/27/2025
394,dataset_394,sales,API,6/29/2025,22852,158.06,1/28/2025
395,dataset_395,finance,CSV Upload,6/30/2025,27984,96.96,1/29/2025
396,dataset_396,operations,Database,7/1/2025,5361,128.67,1/30/2025
397,dataset_397,operations,Database,7/2/2025,41484,266.09,1/31/2025
398,dataset_398,sales,API,7/3/2025,17290,48.87,2/1/2025
399,dataset_399,sales,Database,7/4/2025,31244,167.11,2/2/2025
400,dataset_400,operations,Database,7/5/2025,36115,469.95,2/3/2025
401,dataset_401,sales,Database,7/6/2025,35004,261.25,2/4/2025
402,dataset_402,security,Database,7/7/2025,16461,405.39,2/5/2025
403,dataset_403,finance,Database,7/8/2025,14859,104.59,2/6/2025
404,dataset_404,sales,CSV Upload,7/9/2025,46120,350.38,2/7/2025
405,dataset_405,security,API,7/10/2025,2931,214.37,2/8/2025
406,dataset_406,operations,API,7/11/2025,4737,309.66,2/9/2025
407,dataset_407,security,Database,7/12/2025,8961,81.95,2/10/2025
408,dataset_408,security,API,7/13/2025,9586,174.32,2/11/2025
409,dataset_409,sales,CSV Upload,7/14/2025,32543,414.84,2/12/2025
410,dataset_410,sales,CSV Upload,7/15/2025,20456,107.8,2/13/2025
411,dataset_411,sales,API,7/16/2025,47964,172.02,2/14/2025
412,dataset_412,security,Database,7/17/2025,40711,293.98,2/15/2025
413,dataset_413,security,Database,7/18/2025,33541,334.92,2/16/2025
414,dataset_414,security,CSV Upload,7/19/2025,38221,324.99,2/17/2025
415,dataset_415,finance,API,7/20/2025,30496,239.44,2/18/2025
416,dataset_416,finance,API,7/21/2025,10537,1.81,2/19/2025
417,dataset_417,operations,CSV Upload,7/22/2025,10821,207.26,2/20/2025
418,dataset_418,finance,API,7/23/2025,25222,171.86,2/21/2025
419,dataset_419,sales,API,7/24/2025,29028,341.81,2/22/2025
420,dataset_420,operations,CSV Upload,7/25/2025,32468,425.39,2/23/2025
421,dataset_421,security,Database,7/26/2025,4518,422.29,2/24/2025
422,dataset_422,finance,CSV Upload,7/27/2025,33811,372.38,2/25/2025
423,dataset_423,finance,Database,7/28/2025,41117,202.72,2/26/2025
424,dataset_424,finance,API,7/29/2025,4485,412.45,2/27/2025
425,dataset_425,operations,Database,7/30/2025,30069,494.62,2/28/2025
426,dataset_426,finance,API,7/31/2025,17182,151.33,3/1/2025
427,dataset_427,security,Database,8/1/2025,13709,257.31,3/2/2025
428,dataset_428,operations,Database,8/2/2025,7845,131.16,3/3/2025
429,dataset_429,sales,API,8/3/2025,33735,316.56,3/4/2025
430,dataset_430,operations,CSV Upload,8/4/2025,2820,282.19,3/5/2025
431,dataset_431,security,Database,8/5/2025,8494,291.86,3/6/2025
432,dataset_432,operations,Database,8/6/2025,12618,204.64,3/7/2025
433,dataset_433,operations,CSV Upload,8/7/2025,28628,11.89,3/8/2025
434,dataset_434,security,API,8/8/2025,10519,173.58,3/9/2025
435,dataset_435,operations,Database,8/9/2025,13200,344.46,3/10/2025
436,dataset_436,finance,CSV Upload,8/10/2025,38276,432.3,3/11/2025
437,dataset_437,operations,Database,8/11/2025,18387,214.51,3/12/2025
438,dataset_438,security,API,8/12/2025,18731,123.89,3/13/2025
439,dataset_439,operations,API,8/13/2025,24266,436.24,3/14/2025
440,dataset_440,security,API,8/14/2025,36171,296.95,3/15/2025
441,dataset_441,finance,Database,8/15/2025,1842,334.3,3/16/2025
442,dataset_442,finance,CSV Upload,8/16/2025,27906,16.11,3/17/2025
443,dataset_443,finance,CSV Upload,8/17/2025,3868,12.06,3/18/2025
444,dataset_444,sales,API,8/18/2025,49978,490.24,3/19/2025
445,dataset_445,security,API,8/19/2025,31173,98.39,3/20/2025
446,dataset_446,finance,CSV Upload,8/20/2025,21799,134.03,3/21/2025
447,dataset_447,security,Database,8/21/2025,44142,296.43,3/22/2025
448,dataset_448,finance,Database,8/22/2025,23102,70.4,3/23/2025
449,dataset_449,operations,CSV Upload,8/23/2025,41579,288.87,3/24/2025
450,dataset_450,operations,Database,8/24/2025,46038,473.19,3/25/2025
451,dataset_451,sales,Database,8/25/2025,8725,443.4,3/26/2025
452,dataset_452,finance,CSV Upload,8/26/2025,10313,446.09,3/27/2025
453,dataset_453,sales,Database,8/27/2025,49694,434.47,3/28/2025
454,dataset_454,operations,CSV Upload,8/28/2025,46402,74.39,3/29/2025
455,dataset_455,sales,API,8/29/2025,21689,138.12,3/30/2025
456,dataset_456,finance,CSV Upload,8/30/2025,36399,5.81,3/31/2025
457,dataset_457,operations,API,8/31/2025,16624,155.41,4/1/2025
458,dataset_458,sales,API,9/1/2025,17725,200.46,4/2/2025
459,dataset_459,operations,API,9/2/2025,24571,356.45,4/3/2025
460,dataset_460,operations,CSV Upload,9/3/2025,32821,109.53,4/4/2025
461,dataset_461,sales,Database,9/4/2025,2765,209.06,4/5/2025
462,dataset_462,security,CSV Upload,9/5/2025,32698,365.72,4/6/2025
463,dataset_463,operations,CSV Upload,9/6/2025,1429,66.32,4/7/2025
464,dataset_464,security,API,9/7/2025,7474,194.75,4/8/2025
465,dataset_465,sales,API,9/8/2025,16461,334.14,4/9/2025
466,dataset_466,security,Database,9/9/2025,45784,493.28,4/10/2025
467,dataset_467,security,Database,9/10/2025,30995,409.39,4/11/2025
468,dataset_468,operations,API,9/11/2025,33833,356.02,4/12/2025
469,dataset_469,operations,CSV Upload,9/12/2025,13116,64.23,4/13/2025
470,dataset_470,finance,Database,9/13/2025,42015,106.06,4/14/2025
471,dataset_471,finance,API,9/14/2025,28508,476.99,4/15/2025
472,dataset_472,security,CSV Upload,9/15/2025,6919,240.47,4/16/2025
473,dataset_473,operations,Database,9/16/2025,43764,83.18,4/17/2025
474,dataset_474,finance,CSV Upload,9/17/2025,37423,115.94,4/18/2025
475,dataset_475,operations,Database,9/18/2025,23304,300.28,4/19/2025
476,dataset_476,finance,API,9/19/2025,40532,389.6,4/20/2025
477,dataset_477,finance,CSV Upload,9/20/2025,18824,255.7,4/21/2025
478,dataset_478,operations,Database,9/21/2025,33205,94.07,4/22/2025
479,dataset_479,security,API,9/22/2025,27921,240.21,4/23/2025
480,dataset_480,sales,Database,9/23/2025,2495,299.67,4/24/2025
481,dataset_481,finance,Database,9/24/2025,4236,377.18,4/25/2025
482,dataset_482,operations,API,9/25/2025,42533,71.26,4/26/2025
483,dataset_483,operations,CSV Upload,9/26/2025,5521,436.36,4/27/2025
484,dataset_484,sales,API,9/27/2025,45165,140.67,4/28/2025
485,dataset_485,security,CSV Upload,9/28/2025,30913,325.04,4/29/2025
486,dataset_486,sales,API,9/29/2025,19506,43.28,4/30/2025
487,dataset_487,operations,API,9/30/2025,37565,54.1,5/1/2025
488,dataset_488,finance,CSV Upload,10/1/2025,7653,153.5,5/2/2025
489,dataset_489,security,Database,10/2/2025,9551,283.04,5/3/2025
490,dataset_490,sales,CSV Upload,10/3/2025,45552,141.83,5/4/2025
491,dataset_491,operations,API,10/4/2025,48643,255.08,5/5/2025
492,dataset_492,sales,Database,10/5/2025,6814,126.56,5/6/2025
493,dataset_493,sales,Database,10/6/2025,36217,419.36,5/7/2025
494,dataset_494,security,API,10/7/2025,3284,336.41,5/8/2025
495,dataset_495,finance,CSV Upload,10/8/2025,15150,364.69,5/9/2025
496,dataset_496,sales,CSV Upload,10/9/2025,14417,320,5/10/2025
497,dataset_497,sales,CSV Upload,10/10/2025,5962,238.75,5/11/2025
498,dataset_498,sales,API,10/11/2025,15189,267.37,5/12/2025
499,dataset_499,operations,API,10/12/2025,47856,2.01,5/13/2025
500,dataset_500,finance,API,10/13/2025,22924,338.24,5/14/2025
501,dataset_501,operations,CSV Upload,10/14/2025,34700,215.09,5/15/2025
502,dataset_502,sales,CSV Upload,10/15/2025,12310,445.09,5/16/2025
503,dataset_503,security,API,10/16/2025,41139,285.33,5/17/2025
504,dataset_504,sales,CSV Upload,10/17/2025,24784,90.83,5/18/2025
505,dataset_505,finance,Database,10/18/2025,23706,60.34,5/19/2025
506,dataset_506,operations,CSV Upload,10/19/2025,21296,405.11,5/20/2025
507,dataset_507,sales,Database,10/20/2025,5446,132.95,5/21/2025
508,dataset_508,finance,CSV Upload,10/21/2025,23578,250.58,5/22/2025
509,dataset_509,sales,API,10/22/2025,36680,439.74,5/23/2025
510,dataset_510,finance,Database,10/23/2025,43799,395.95,5/24/2025
511,dataset_511,sales,API,10/24/2025,35839,399.62,5/25/2025
512,dataset_512,sales,Database,10/25/2025,16734,493.38,5/26/2025
513,dataset_513,sales,CSV Upload,10/26/2025,12961,456.02,5/27/2025
514,dataset_514,security,API,10/27/2025,39058,105.07,5/28/2025
515,dataset_515,security,Database,10/28/2025,20095,64.44,5/29/2025
516,dataset_516,sales,Database,10/29/2025,3608,62.05,5/30/2025
517,dataset_517,sales,Database,10/30/2025,25836,97.8,5/31/2025
518,dataset_518,security,Database,10/31/2025,38869,138.66,6/1/2025
519,dataset_519,operations,Database,11/1/2025,40438,48.28,6/2/2025
520,dataset_520,security,CSV Upload,11/2/2025,18766,216.94,6/3/2025
521,dataset_521,operations,Database,11/3/2025,8011,33.73,6/4/2025
522,dataset_522,sales,API,11/4/2025,48818,154.75,6/5/2025
523,dataset_523,security,CSV Upload,11/5/2025,42584,272.51,6/6/2025
524,dataset_524,finance,Database,11/6/2025,22401,323.37,6/7/2025
525,dataset_525,operations,API,11/7/2025,10506,469.99,6/8/2025
526,dataset_526,finance,CSV Upload,11/8/2025,19823,74.11,6/9/2025
527,dataset_527,operations,CSV Upload,11/9/2025,1471,403.85,6/10/2025
528,dataset_528,security,Database,11/10/2025,8219,227.15,6/11/2025
529,dataset_529,security,CSV Upload,11/11/2025,30542,81.59,6/12/2025
530,dataset_530,operations,Database,11/12/2025,36258,347.9,6/13/2025
531,dataset_531,finance,CSV Upload,11/13/2025,47962,384.53,6/14/2025
532,dataset_532,operations,API,11/14/2025,27965,357.5,6/15/2025
533,dataset_533,finance,Database,11/15/2025,26894,364.79,6/16/2025
534,dataset_534,operations,API,11/16/2025,4207,317.7,6/17/2025
535,dataset_535,sales,API,11/17/2025,5573,168.76,6/18/2025
536,dataset_536,finance,Database,11/18/2025,24839,485.75,6/19/2025
537,dataset_537,security,API,11/19/2025,10717,489.49,6/20/2025
538,dataset_538,finance,API,11/20/2025,42827,103.73,6/21/2025
539,dataset_539,sales,API,11/21/2025,41467,86.38,6/22/2025
540,dataset_540,operations,Database,11/22/2025,34598,157.76,6/23/2025
541,dataset_541,operations,CSV Upload,11/23/2025,15807,64.01,6/24/2025
542,dataset_542,finance,CSV Upload,11/24/2025,23745,155.11,6/25/2025
543,dataset_543,sales,Database,11/25/2025,28525,172.68,6/26/2025
544,dataset_544,security,API,11/26/2025,39564,331.04,6/27/2025
545,dataset_545,sales,Database,11/27/2025,15328,18.88,6/28/2025
546,dataset_546,security,API,11/28/2025,27172,379.45,6/29/2025
547,dataset_547,sales,CSV Upload,11/29/2025,46903,454.35,6/30/2025
548,dataset_548,operations,CSV Upload,11/30/2025,9054,401.19,7/1/2025
549,dataset_549,security,API,12/1/2025,24171,327.46,7/2/2025
550,dataset_550,operations,Database,12/2/2025,20283,174.26,7/3/2025
551,dataset_551,security,API,12/3/2025,22241,225.32,7/4/2025
552,dataset_552,sales,API,12/4/2025,11644,155.42,7/5/2025
553,dataset_553,security,API,12/5/2025,19562,275.04,7/6/2025
554,dataset_554,finance,Database,12/6/2025,3466,214.84,7/7/2025
555,dataset_555,finance,Database,12/7/2025,46800,137.9,7/8/2025
556,dataset_556,sales,CSV Upload,12/8/2025,25086,167.13,7/9/2025
557,dataset_557,security,CSV Upload,12/9/2025,5764,269.24,7/10/2025
558,dataset_558,operations,CSV Upload,12/10/2025,49167,109.72,7/11/2025
559,dataset_559,finance,CSV Upload,12/11/2025,8741,217.57,7/12/2025
560,dataset_560,security,CSV Upload,12/12/2025,48143,227.96,7/13/2025
561,dataset_561,finance,Database,12/13/2025,1950,9.78,7/14/2025
562,dataset_562,security,CSV Upload,12/14/2025,3512,28.19,7/15/2025
563,dataset_563,operations,CSV Upload,12/15/2025,4898,447.8,7/16/2025
564,dataset_564,finance,CSV Upload,12/16/2025,32934,469.93,7/17/2025
565,dataset_565,security,CSV Upload,12/17/2025,30601,23.06,7/18/2025
566,dataset_566,operations,API,12/18/2025,2962,345.99,7/19/2025
567,dataset_567,operations,CSV Upload,12/19/2025,17105,442.84,7/20/2025
568,dataset_568,security,CSV Upload,12/20/2025,10690,215.83,7/21/2025
569,dataset_569,security,CSV Upload,12/21/2025,5436,153.79,7/22/2025
570,dataset_570,security,Database,12/22/2025,35201,1.84,7/23/2025
571,dataset_571,finance,CSV Upload,12/23/2025,22669,50.17,7/24/2025
572,dataset_572,sales,CSV Upload,12/24/2025,24817,317.04,7/25/2025
573,dataset_573,security,Database,12/25/2025,26784,1.57,7/26/2025
574,dataset_574,security,CSV Upload,12/26/2025,6067,343.22,7/27/2025
575,dataset_575,security,CSV Upload,12/27/2025,36108,388.19,7/28/2025
576,dataset_576,sales,Database,12/28/2025,18543,70.34,7/29/2025
577,dataset_577,operations,CSV Upload,12/29/2025,4483,117.86,7/30/2025
578,dataset_578,finance,API,12/30/2025,49935,66.32,7/31/2025
579,dataset_579,operations,Database,12/31/2025,9282,296.98,8/1/2025
580,dataset_580,security,Database,1/1/2026,47553,116.24,8/2/2025
581,dataset_581,finance,Database,1/2/2026,13801,217.03,8/3/2025
582,dataset_582,sales,API,1/3/2026,7191,130.95,8/4/2025
583,dataset_583,finance,Database,1/4/2026,7048,291.43,8/5/2025
584,dataset_584,finance,Database,1/5/2026,46316,126.61,8/6/2025
585,dataset_585,sales,CSV Upload,1/6/2026,18322,212.4,8/7/2025
586,dataset_586,finance,CSV Upload,1/7/2026,37861,11.35,8/8/2025
587,dataset_587,finance,API,1/8/2026,23067,422.41,8/9/2025
588,dataset_588,operations,API,1/9/2026,4406,482.38,8/10/2025
589,dataset_589,sales,CSV Upload,1/10/2026,23686,77.73,8/11/2025
590,dataset_590,finance,Database,1/11/2026,7813,391.27,8/12/2025
591,dataset_591,sales,API,1/12/2026,18313,178.99,8/13/2025
592,dataset_592,security,API,1/13/2026,16081,92.41,8/14/2025
593,dataset_593,security,Database,1/14/2026,19914,43.46,8/15/2025
594,dataset_594,security,CSV Upload,1/15/2026,11107,77.12,8/16/2025
595,dataset_595,sales,API,1/16/2026,45294,177.39,8/17/2025
596,dataset_596,finance,CSV Upload,1/17/2026,40761,378.03,8/18/2025
597,dataset_597,sales,API,1/18/2026,34778,33.59,8/19/2025
598,dataset_598,finance,Database,1/19/2026,14998,263.51,8/20/2025
599,dataset_599,operations,API,1/20/2026,3951,115.77,8/21/2025
600,dataset_600,sales,CSV Upload,1/21/2026,16621,366.07,8/22/2025
601,dataset_601,sales,Database,1/22/2026,37067,498.25,8/23/2025
602,dataset_602,sales,CSV Upload,1/23/2026,48081,44.13,8/24/2025
603,dataset_603,sales,API,1/24/2026,43153,172.67,8/25/2025
604,dataset_604,security,API,1/25/2026,36196,254.07,8/26/2025
605,dataset_605,finance,API,1/26/2026,10030,140.92,8/27/2025
606,dataset_606,security,API,1/27/2026,20449,249.05,8/28/2025
607,dataset_607,operations,Database,1/28/2026,20658,146.25,8/29/2025
608,dataset_608,operations,CSV Upload,1/29/2026,15150,397.24,8/30/2025
609,dataset_609,sales,CSV Upload,1/30/2026,23147,480.36,8/31/2025
610,dataset_610,sales,Database,1/31/2026,34520,263.97,9/1/2025
611,dataset_611,operations,API,2/1/2026,8679,348.67,9/2/2025
612,dataset_612,finance,CSV Upload,2/2/2026,25291,381.21,9/3/2025
613,dataset_613,security,API,2/3/2026,39818,239.98,9/4/2025
614,dataset_614,sales,API,2/4/2026,4676,223.8,9/5/2025
615,dataset_615,operations,CSV Upload,2/5/2026,24572,39.33,9/6/2025
616,dataset_616,operations,CSV Upload,2/6/2026,29259,194.49,9/7/2025
617,dataset_617,sales,CSV Upload,2/7/2026,20469,91.95,9/8/2025
618,dataset_618,finance,Database,2/8/2026,47463,62.56,9/9/2025
619,dataset_619,sales,CSV Upload,2/9/2026,43849,418.46,9/10/2025
620,dataset_620,finance,CSV Upload,2/10/2026,11975,49.02,9/11/2025
621,dataset_621,sales,Database,2/11/2026,33174,57.6,9/12/2025
622,dataset_622,sales,API,2/12/2026,17696,301.31,9/13/2025
623,dataset_623,finance,API,2/13/2026,5483,474.71,9/14/2025
624,dataset_624,sales,CSV Upload,2/14/2026,16565,466.71,9/15/2025
625,dataset_625,security,API,2/15/2026,36790,188.03,9/16/2025
626,dataset_626,sales,Database,2/16/2026,5971,57.01,9/17/2025
627,dataset_627,finance,Database,2/17/2026,12026,430.87,9/18/2025
628,dataset_628,operations,Database,2/18/2026,40674,239.57,9/19/2025
629,dataset_629,operations,CSV Upload,2/19/2026,11934,248.17,9/20/2025
630,dataset_630,security,Database,2/20/2026,9388,423.48,9/21/2025
631,dataset_631,operations,API,2/21/2026,19465,129.99,9/22/2025
632,dataset_632,finance,Database,2/22/2026,15033,70.58,9/23/2025
633,dataset_633,operations,API,2/23/2026,6884,476.62,9/24/2025
634,dataset_634,security,Database,2/24/2026,45517,317.4,9/25/2025
635,dataset_635,operations,Database,2/25/2026,37130,21.85,9/26/2025
636,dataset_636,finance,API,2/26/2026,32025,120.55,9/27/2025
637,dataset_637,operations,API,2/27/2026,11647,278.09,9/28/2025
638,dataset_638,operations,Database,2/28/2026,3757,63.12,9/29/2025
639,dataset_639,finance,API,3/1/2026,40053,74.15,9/30/2025
640,dataset_640,operations,API,3/2/2026,3370,120.96,10/1/2025
641,dataset_641,operations,Database,3/3/2026,18466,469.12,10/2/2025
642,dataset_642,operations,Database,3/4/2026,8853,204.85,10/3/2025
643,dataset_643,operations,API,3/5/2026,9670,209.49,10/4/2025
644,dataset_644,sales,CSV Upload,3/6/2026,40673,315.83,10/5/2025
645,dataset_645,security,Database,3/7/2026,7483,348.63,10/6/2025
646,dataset_646,security,API,3/8/2026,31656,120.78,10/7/2025
647,dataset_647,finance,Database,3/9/2026,39215,227.05,10/8/2025
648,dataset_648,operations,API,3/10/2026,48432,428.73,10/9/2025
649,dataset_649,security,Database,3/11/2026,44537,498.93,10/10/2025
650,dataset_650,finance,API,3/12/2026,46868,245.36,10/11/2025
651,dataset_651,operations,CSV Upload,3/13/2026,47290,204.84,10/12/2025
652,dataset_652,operations,CSV Upload,3/14/2026,49545,370.41,10/13/2025
653,dataset_653,operations,Database,3/15/2026,45111,23.74,10/14/2025
654,dataset_654,security,API,3/16/2026,46913,455.71,10/15/2025
655,dataset_655,sales,API,3/17/2026,1219,309.07,10/16/2025
656,dataset_656,sales,API,3/18/2026,29863,77.88,10/17/2025
657,dataset_657,operations,Database,3/19/2026,45061,331.14,10/18/2025
658,dataset_658,finance,CSV Upload,3/20/2026,27877,135.54,10/19/2025
659,dataset_659,sales,CSV Upload,3/21/2026,4899,12.19,10/20/2025
660,dataset_660,security,API,3/22/2026,13001,20.33,10/21/2025
661,dataset_661,finance,API,3/23/2026,47059,154.85,10/22/2025
662,dataset_662,sales,Database,3/24/2026,20448,137.39,10/23/2025
663,dataset_663,sales,API,3/25/2026,41259,97.42,10/24/2025
664,dataset_664,operations,CSV Upload,3/26/2026,3388,148.04,10/25/2025
665,dataset_665,sales,CSV Upload,3/27/2026,28320,366.07,10/26/2025
666,dataset_666,finance,Database,3/28/2026,17472,172.18,10/27/2025
667,dataset_667,operations,CSV Upload,3/29/2026,20582,71.69,10/28/2025
668,dataset_668,sales,API,3/30/2026,15118,148.18,10/29/2025
669,dataset_669,sales,CSV Upload,3/31/2026,36829,372.69,10/30/2025
670,dataset_670,finance,CSV Upload,4/1/2026,26179,99.68,10/31/2025
671,dataset_671,security,API,4/2/2026,42412,386.75,11/1/2025
672,dataset_672,finance,Database,4/3/2026,35423,120.13,11/2/2025
673,dataset_673,sales,API,4/4/2026,40676,422.27,11/3/2025
674,dataset_674,finance,Database,4/5/2026,11419,84.04,11/4/2025
675,dataset_675,finance,API,4/6/2026,4736,436.5,11/5/2025
676,dataset_676,finance,Database,4/7/2026,34030,195.8,11/6/2025
677,dataset_677,finance,API,4/8/2026,1926,65.02,11/7/2025
678,dataset_678,sales,API,4/9/2026,39656,273.23,11/8/2025
679,dataset_679,finance,Database,4/10/2026,27728,77.01,11/9/2025
680,dataset_680,sales,CSV Upload,4/11/2026,16894,471.51,11/10/2025
681,dataset_681,security,CSV Upload,4/12/2026,26157,222.48,11/11/2025
682,dataset_682,operations,API,4/13/2026,39922,335.19,11/12/2025
683,dataset_683,security,API,4/14/2026,45575,122.09,11/13/2025
684,dataset_684,security,API,4/15/2026,34079,134.08,11/14/2025
685,dataset_685,sales,API,4/16/2026,36578,342.85,11/15/2025
686,dataset_686,finance,Database,4/17/2026,42439,49.65,11/16/2025
687,dataset_687,security,API,4/18/2026,48725,325.62,11/17/2025
688,dataset_688,security,CSV Upload,4/19/2026,32777,258.04,11/18/2025
689,dataset_689,operations,CSV Upload,4/20/2026,11744,382.22,11/19/2025
690,dataset_690,security,API,4/21/2026,2558,48.11,11/20/2025
691,dataset_691,finance,Database,4/22/2026,2303,436.38,11/21/2025
692,dataset_692,finance,CSV Upload,4/23/2026,3440,133.55,11/22/2025
693,dataset_693,finance,Database,4/24/2026,22899,74.13,11/23/2025
694,dataset_694,finance,API,4/25/2026,22427,111.78,11/24/2025
695,dataset_695,finance,API,4/26/2026,25506,176.39,11/25/2025
696,dataset_696,finance,CSV Upload,4/27/2026,23317,115.31,11/26/2025
697,dataset_697,sales,API,4/28/2026,37176,260.37,11/27/2025
698,dataset_698,security,Database,4/29/2026,47632,259.61,11/28/2025
699,dataset_699,sales,CSV Upload,4/30/2026,21010,13.95,11/29/2025
700,dataset_700,finance,Database,5/1/2026,27476,156.38,11/30/2025
701,dataset_701,security,API,5/2/2026,20230,36.22,12/1/2025
702,dataset_702,security,API,5/3/2026,38009,351.51,12/2/2025
703,dataset_703,sales,API,5/4/2026,49337,207.2,12/3/2025
704,dataset_704,finance,CSV Upload,5/5/2026,24739,397.94,12/4/2025
705,dataset_705,finance,Database,5/6/2026,32991,215.83,12/5/2025
706,dataset_706,finance,Database,5/7/2026,13899,65.08,12/6/2025
707,dataset_707,sales,CSV Upload,5/8/2026,48327,22.07,12/7/2025
708,dataset_708,finance,Database,5/9/2026,46586,239.42,12/8/2025
709,dataset_709,finance,CSV Upload,5/10/2026,18682,37.88,12/9/2025
710,dataset_710,operations,API,5/11/2026,15225,489.48,12/10/2025
711,dataset_711,operations,API,5/12/2026,46008,168.92,12/11/2025
712,dataset_712,finance,CSV Upload,5/13/2026,10605,389.12,12/12/2025
713,dataset_713,finance,CSV Upload,5/14/2026,48881,157.27,12/13/2025
714,dataset_714,security,CSV Upload,5/15/2026,26750,464.84,12/14/2025
715,dataset_715,operations,Database,5/16/2026,21028,11.93,12/15/2025
716,dataset_716,finance,API,5/17/2026,5082,79.04,12/16/2025
717,dataset_717,security,Database,5/18/2026,1430,12.29,12/17/2025
718,dataset_718,finance,API,5/19/2026,24082,108.07,12/18/2025
719,dataset_719,sales,API,5/20/2026,11584,430.92,12/19/2025
720,dataset_720,sales,API,5/21/2026,9307,316.99,12/20/2025
721,dataset_721,finance,Database,5/22/2026,28692,367.43,12/21/2025
722,dataset_722,operations,Database,5/23/2026,25606,301.13,12/22/2025
723,dataset_723,security,CSV Upload,5/24/2026,3470,316.05,12/23/2025
724,dataset_724,sales,CSV Upload,5/25/2026,15776,61.31,12/24/2025
725,dataset_725,operations,CSV Upload,5/26/2026,22515,291.39,12/25/2025
726,dataset_726,sales,CSV Upload,5/27/2026,38255,94.19,12/26/2025
727,dataset_727,operations,CSV Upload,5/28/2026,29973,219.42,12/27/2025
728,dataset_728,sales,API,5/29/2026,16717,181.01,12/28/2025
729,dataset_729,operations,Database,5/30/2026,22658,263.97,12/29/2025
730,dataset_730,security,CSV Upload,5/31/2026,27529,326.54,12/30/2025
731,dataset_731,finance,Database,6/1/2026,40516,145.23,12/31/2025
732,dataset_732,sales,API,6/2/2026,41674,489.39,1/1/2026
733,dataset_733,finance,Database,6/3/2026,32996,332.07,1/2/2026
734,dataset_734,security,CSV Upload,6/4/2026,34591,318.72,1/3/2026
735,dataset_735,finance,Database,6/5/2026,36518,177.21,1/4/2026
736,dataset_736,sales,Database,6/6/2026,34956,98.05,1/5/2026
737,dataset_737,sales,CSV Upload,6/7/2026,49346,407.52,1/6/2026
738,dataset_738,finance,API,6/8/2026,43897,374.94,1/7/2026
739,dataset_739,sales,Database,6/9/2026,35281,346.93,1/8/2026
740,dataset_740,operations,CSV Upload,6/10/2026,43718,82.26,1/9/2026
741,dataset_741,operations,Database,6/11/2026,28871,84.9,1/10/2026
742,dataset_742,finance,CSV Upload,6/12/2026,35927,492.66,1/11/2026
743,dataset_743,security,CSV Upload,6/13/2026,2895,423.37,1/12/2026
744,dataset_744,finance,Database,6/14/2026,26713,132.82,1/13/2026
745,dataset_745,security,Database,6/15/2026,21755,478.58,1/14/2026
746,dataset_746,finance,Database,6/16/2026,37215,180.38,1/15/2026
747,dataset_747,sales,API,6/17/2026,43459,318.55,1/16/2026
748,dataset_748,security,Database,6/18/2026,20084,263.04,1/17/2026
749,dataset_749,finance,Database,6/19/2026,47719,377.12,1/18/2026
750,dataset_750,security,API,6/20/2026,31669,75.47,1/19/2026
751,dataset_751,finance,CSV Upload,6/21/2026,19209,149.99,1/20/2026
752,dataset_752,security,CSV Upload,6/22/2026,1037,455.12,1/21/2026
753,dataset_753,finance,API,6/23/2026,47199,479.19,1/22/2026
754,dataset_754,finance,CSV Upload,6/24/2026,49493,364.85,1/23/2026
755,dataset_755,security,API,6/25/2026,1911,66.95,1/24/2026
756,dataset_756,operations,API,6/26/2026,43629,454.89,1/25/2026
757,dataset_757,finance,CSV Upload,6/27/2026,27051,395.48,1/26/2026
758,dataset_758,finance,API,6/28/2026,45053,409.95,1/27/2026
759,dataset_759,security,CSV Upload,6/29/2026,3849,89.16,1/28/2026
760,dataset_760,security,API,6/30/2026,42208,430.2,1/29/2026
761,dataset_761,security,Database,7/1/2026,29961,71.05,1/30/2026
762,dataset_762,finance,Database,7/2/2026,30831,41.56,1/31/2026
763,dataset_763,operations,CSV Upload,7/3/2026,46640,376.22,2/1/2026
764,dataset_764,security,API,7/4/2026,28206,427.22,2/2/2026
765,dataset_765,security,Database,7/5/2026,3319,92.6,2/3/2026
766,dataset_766,operations,API,7/6/2026,4452,417.97,2/4/2026
767,dataset_767,security,Database,7/7/2026,7377,267.51,2/5/2026
768,dataset_768,finance,API,7/8/2026,6349,135.3,2/6/2026
769,dataset_769,operations,Database,7/9/2026,26270,441.61,2/7/2026
770,dataset_770,finance,CSV Upload,7/10/2026,38499,446.41,2/8/2026
771,dataset_771,sales,CSV Upload,7/11/2026,9508,172.39,2/9/2026
772,dataset_772,operations,Database,7/12/2026,10737,467.68,2/10/2026
773,dataset_773,sales,CSV Upload,7/13/2026,42305,239.02,2/11/2026
774,dataset_774,sales,CSV Upload,7/14/2026,48024,420.79,2/12/2026
775,dataset_775,operations,Database,7/15/2026,20069,288.53,2/13/2026
776,dataset_776,security,API,7/16/2026,43233,246.87,2/14/2026
777,dataset_777,sales,API,7/17/2026,3396,242.09,2/15/2026
778,dataset_778,operations,CSV Upload,7/18/2026,15476,368.82,2/16/2026
779,dataset_779,operations,API,7/19/2026,13231,31.2,2/17/2026
780,dataset_780,operations,CSV Upload,7/20/2026,13942,8.65,2/18/2026
781,dataset_781,sales,Database,7/21/2026,24364,244.54,2/19/2026
782,dataset_782,operations,CSV Upload,7/22/2026,22057,419.89,2/20/2026
783,dataset_783,security,Database,7/23/2026,35195,145.29,2/21/2026
784,dataset_784,sales,Database,7/24/2026,43340,315.1,2/22/2026
785,dataset_785,security,CSV Upload,7/25/2026,20867,142.05,2/23/2026
786,dataset_786,operations,CSV Upload,7/26/2026,10465,481.35,2/24/2026
787,dataset_787,sales,CSV Upload,7/27/2026,41001,466.26,2/25/2026
788,dataset_788,security,API,7/28/2026,47981,332.85,2/26/2026
789,dataset_789,finance,Database,7/29/2026,27353,287.84,2/27/2026
790,dataset_790,security,CSV Upload,7/30/2026,5420,147.75,2/28/2026
791,dataset_791,sales,CSV Upload,7/31/2026,37587,385.15,3/1/2026
792,dataset_792,finance,CSV Upload,8/1/2026,2955,143,3/2/2026
793,dataset_793,operations,API,8/2/2026,7571,180.93,3/3/2026
794,dataset_794,operations,CSV Upload,8/3/2026,41110,128.2,3/4/2026
795,dataset_795,security,Database,8/4/2026,30365,484.44,3/5/2026
796,dataset_796,operations,API,8/5/2026,23112,439.95,3/6/2026
797,dataset_797,sales,Database,8/6/2026,1051,251,3/7/2026
798,dataset_798,security,CSV Upload,8/7/2026,28749,211.46,3/8/2026
799,dataset_799,operations,CSV Upload,8/8/2026,24062,488.78,3/9/2026
800,dataset_800,finance,CSV Upload,8/9/2026,23569,372.38,3/10/2026
801,dataset_801,operations,Database,8/10/2026,49887,34.61,3/11/2026
802,dataset_802,security,CSV Upload,8/11/2026,28080,149.15,3/12/2026
803,dataset_803,security,CSV Upload,8/12/2026,49989,195.32,3/13/2026
804,dataset_804,security,Database,8/13/2026,18111,37.47,3/14/2026
805,dataset_805,finance,CSV Upload,8/14/2026,12861,457.5,3/15/2026
806,dataset_806,operations,Database,8/15/2026,41489,455.33,3/16/2026
807,dataset_807,operations,API,8/16/2026,41473,392.21,3/17/2026
808,dataset_808,finance,Database,8/17/2026,21154,190.59,3/18/2026
809,dataset_809,sales,CSV Upload,8/18/2026,22757,375.99,3/19/2026
810,dataset_810,security,CSV Upload,8/19/2026,18308,490.06,3/20/2026
811,dataset_811,security,Database,8/20/2026,39691,9.42,3/21/2026
812,dataset_812,sales,CSV Upload,8/21/2026,1230,482.68,3/22/2026
813,dataset_813,security,CSV Upload,8/22/2026,14546,376.37,3/23/2026
814,dataset_814,finance,Database,8/23/2026,49423,366.35,3/24/2026
815,dataset_815,finance,CSV Upload,8/24/2026,7546,412.29,3/25/2026
816,dataset_816,sales,API,8/25/2026,40048,489.19,3/26/2026
817,dataset_817,operations,CSV Upload,8/26/2026,22932,391.4,3/27/2026
818,dataset_818,sales,Database,8/27/2026,42776,3.28,3/28/2026
819,dataset_819,security,Database,8/28/2026,21808,345.45,3/29/2026
820,dataset_820,security,API,8/29/2026,30386,478.57,3/30/2026
821,dataset_821,operations,Database,8/30/2026,7516,252.19,3/31/2026
822,dataset_822,operations,CSV Upload,8/31/2026,38872,337.56,4/1/2026
823,dataset_823,finance,API,9/1/2026,2855,275.83,4/2/2026
824,dataset_824,finance,API,9/2/2026,8380,333.15,4/3/2026
825,dataset_825,sales,Database,9/3/2026,31958,417.8,4/4/2026
826,dataset_826,finance,API,9/4/2026,40814,241.36,4/5/2026
827,dataset_827,sales,API,9/5/2026,31557,74.23,4/6/2026
828,dataset_828,security,CSV Upload,9/6/2026,9113,266.38,4/7/2026
829,dataset_829,security,API,9/7/2026,20400,317.65,4/8/2026
830,dataset_830,operations,API,9/8/2026,25043,131.86,4/9/2026
831,dataset_831,finance,Database,9/9/2026,16706,339.28,4/10/2026
832,dataset_832,sales,API,9/10/2026,24763,72.42,4/11/2026
833,dataset_833,operations,CSV Upload,9/11/2026,41412,290.26,4/12/2026
834,dataset_834,operations,API,9/12/2026,38368,249.27,4/13/2026
835,dataset_835,finance,CSV Upload,9/13/2026,1906,401.81,4/14/2026
836,dataset_836,sales,Database,9/14/2026,38528,283.95,4/15/2026
837,dataset_837,operations,Database,9/15/2026,34126,475.99,4/16/2026
838,dataset_838,security,CSV Upload,9/16/2026,25281,252.33,4/17/2026
839,dataset_839,operations,Database,9/17/2026,2866,268.32,4/18/2026
840,dataset_840,sales,API,9/18/2026,37029,83.6,4/19/2026
841,dataset_841,sales,API,9/19/2026,14836,72.94,4/20/2026
842,dataset_842,sales,Database,9/20/2026,10683,492.01,4/21/2026
843,dataset_843,finance,API,9/21/2026,32242,431.84,4/22/2026
844,dataset_844,operations,API,9/22/2026,14058,139.31,4/23/2026
845,dataset_845,sales,Database,9/23/2026,6595,388.36,4/24/2026
846,dataset_846,security,Database,9/24/2026,40459,351.71,4/25/2026
847,dataset_847,security,Database,9/25/2026,25178,389.27,4/26/2026
848,dataset_848,sales,Database,9/26/2026,45973,58.19,4/27/2026
849,dataset_849,security,CSV Upload,9/27/2026,14627,300.82,4/28/2026
850,dataset_850,sales,CSV Upload,9/28/2026,48139,340.15,4/29/2026
851,dataset_851,sales,Database,9/29/2026,31244,261.45,4/30/2026
852,dataset_852,finance,Database,9/30/2026,5405,327.36,5/1/2026
853,dataset_853,sales,Database,10/1/2026,9135,289.79,5/2/2026
854,dataset_854,operations,API,10/2/2026,31445,286.59,5/3/2026
855,dataset_855,finance,Database,10/3/2026,27704,191.5,5/4/2026
856,dataset_856,sales,API,10/4/2026,7500,194.68,5/5/2026
857,dataset_857,sales,Database,10/5/2026,30541,310.52,5/6/2026
858,dataset_858,security,API,10/6/2026,8271,187.82,5/7/2026
859,dataset_859,security,API,10/7/2026,5775,19.01,5/8/2026
860,dataset_860,security,CSV Upload,10/8/2026,19229,403.62,5/9/2026
861,dataset_861,sales,Database,10/9/2026,28675,380.64,5/10/2026
862,dataset_862,operations,API,10/10/2026,37758,244.2,5/11/2026
863,dataset_863,finance,CSV Upload,10/11/2026,13997,99.6,5/12/2026
864,dataset_864,operations,CSV Upload,10/12/2026,38203,289.88,5/13/2026
865,dataset_865,finance,Database,10/13/2026,20606,391.27,5/14/2026
866,dataset_866,sales,API,10/14/2026,29724,218.4,5/15/2026
867,dataset_867,operations,CSV Upload,10/15/2026,42512,232.52,5/16/2026
868,dataset_868,security,CSV Upload,10/16/2026,32839,184.56,5/17/2026
869,dataset_869,sales,API,10/17/2026,36387,434.55,5/18/2026
870,dataset_870,sales,CSV Upload,10/18/2026,39431,225.4,5/19/2026
871,dataset_871,operations,CSV Upload,10/19/2026,16416,140.19,5/20/2026
872,dataset_872,security,CSV Upload,10/20/2026,23897,57.72,5/21/2026
873,dataset_873,sales,Database,10/21/2026,18956,76.89,5/22/2026
874,dataset_874,finance,CSV Upload,10/22/2026,40134,84.4,5/23/2026
875,dataset_875,sales,CSV Upload,10/23/2026,45580,369.56,5/24/2026
876,dataset_876,sales,API,10/24/2026,25342,182.61,5/25/2026
877,dataset_877,security,Database,10/25/2026,14350,276.87,5/26/2026
878,dataset_878,sales,CSV Upload,10/26/2026,31784,76.66,5/27/2026
879,dataset_879,finance,Database,10/27/2026,24557,191.75,5/28/2026
880,dataset_880,operations,Database,10/28/2026,21158,432.78,5/29/2026
881,dataset_881,security,API,10/29/2026,47283,302.4,5/30/2026
882,dataset_882,sales,API,10/30/2026,49203,357.79,5/31/2026
883,dataset_883,security,CSV Upload,10/31/2026,9262,238.97,6/1/2026
884,dataset_884,security,Database,11/1/2026,22353,263.43,6/2/2026
885,dataset_885,security,CSV Upload,11/2/2026,9707,383.68,6/3/2026
886,dataset_886,finance,Database,11/3/2026,43426,110.15,6/4/2026
887,dataset_887,operations,CSV Upload,11/4/2026,8841,320.21,6/5/2026
888,dataset_888,security,API,11/5/2026,13321,302.71,6/6/2026
889,dataset_889,security,Database,11/6/2026,15451,68.4,6/7/2026
890,dataset_890,security,Database,11/7/2026,11356,332.38,6/8/2026
891,dataset_891,operations,API,11/8/2026,45078,177.26,6/9/2026
892,dataset_892,security,API,11/9/2026,47454,124.68,6/10/2026
893,dataset_893,finance,API,11/10/2026,22438,266.6,6/11/2026
894,dataset_894,operations,Database,11/11/2026,36077,107.14,6/12/2026
895,dataset_895,sales,CSV Upload,11/12/2026,40745,342.51,6/13/2026
896,dataset_896,finance,API,11/13/2026,22938,266.17,6/14/2026
897,dataset_897,operations,CSV Upload,11/14/2026,12212,5.18,6/15/2026
898,dataset_898,security,Database,11/15/2026,37192,145.07,6/16/2026
899,dataset_899,sales,API,11/16/2026,37880,474,6/17/2026
900,dataset_900,finance,API,11/17/2026,46761,188.42,6/18/2026
901,dataset_901,finance,API,11/18/2026,1663,419.67,6/19/2026
902,dataset_902,sales,Database,11/19/2026,41962,424.45,6/20/2026
903,dataset_903,finance,Database,11/20/2026,18992,84.98,6/21/2026
904,dataset_904,operations,Database,11/21/2026,49923,497.09,6/22/2026
905,dataset_905,security,API,11/22/2026,33386,405.44,6/23/2026
906,dataset_906,finance,API,11/23/2026,8270,163.48,6/24/2026
907,dataset_907,sales,API,11/24/2026,20965,280.15,6/25/2026
908,dataset_908,security,CSV Upload,11/25/2026,32956,188.67,6/26/2026
909,dataset_909,sales,CSV Upload,11/26/2026,46029,212.45,6/27/2026
910,dataset_910,sales,Database,11/27/2026,24950,58.57,6/28/2026
911,dataset_911,finance,Database,11/28/2026,31404,179.42,6/29/2026
912,dataset_912,finance,API,11/29/2026,16007,478.67,6/30/2026
913,dataset_913,sales,Database,11/30/2026,16852,452.22,7/1/2026
914,dataset_914,sales,Database,12/1/2026,6662,65.17,7/2/2026
915,dataset_915,sales,Database,12/2/2026,12416,499.3,7/3/2026
916,dataset_916,security,API,12/3/2026,12258,111.79,7/4/2026
917,dataset_917,operations,CSV Upload,12/4/2026,34874,342.85,7/5/2026
918,dataset_918,operations,API,12/5/2026,28564,178.26,7/6/2026
919,dataset_919,sales,CSV Upload,12/6/2026,5636,75.62,7/7/2026
920,dataset_920,finance,API,12/7/2026,35225,476.95,7/8/2026
921,dataset_921,finance,API,12/8/2026,24388,453.48,7/9/2026
922,dataset_922,security,Database,12/9/2026,4261,71.66,7/10/2026
923,dataset_923,security,API,12/10/2026,38541,279.17,7/11/2026
924,dataset_924,operations,CSV Upload,12/11/2026,29761,410.36,7/12/2026
925,dataset_925,finance,API,12/12/2026,6085,422.04,7/13/2026
926,dataset_926,sales,Database,12/13/2026,48537,390.04,7/14/2026
927,dataset_927,security,Database,12/14/2026,12966,489.56,7/15/2026
928,dataset_928,security,API,12/15/2026,39160,17.2,7/16/2026
929,dataset_929,sales,API,12/16/2026,46314,103.63,7/17/2026
930,dataset_930,finance,CSV Upload,12/17/2026,38059,132.34,7/18/2026
931,dataset_931,sales,Database,12/18/2026,48372,464.04,7/19/2026
932,dataset_932,security,Database,12/19/2026,2943,496.05,7/20/2026
933,dataset_933,sales,Database,12/20/2026,32324,188.33,7/21/2026
934,dataset_934,sales,CSV Upload,12/21/2026,10907,45.63,7/22/2026
935,dataset_935,finance,CSV Upload,12/22/2026,47488,374,7/23/2026
936,dataset_936,security,Database,12/23/2026,32353,397.82,7/24/2026
937,dataset_937,operations,CSV Upload,12/24/2026,1082,133.03,7/25/2026
938,dataset_938,security,Database,12/25/2026,24139,9.74,7/26/2026
939,dataset_939,security,Database,12/26/2026,2492,239.91,7/27/2026
940,dataset_940,operations,CSV Upload,12/27/2026,30735,437.46,7/28/2026
941,dataset_941,finance,API,12/28/2026,12567,374.46,7/29/2026
942,dataset_942,sales,CSV Upload,12/29/2026,17552,264.71,7/30/2026
943,dataset_943,sales,Database,12/30/2026,7853,150.92,7/31/2026
944,dataset_944,sales,CSV Upload,12/31/2026,26438,287.95,8/1/2026
945,dataset_945,security,CSV Upload,1/1/2027,26233,241.77,8/2/2026
946,dataset_946,sales,CSV Upload,1/2/2027,26988,163.13,8/3/2026
947,dataset_947,security,Database,1/3/2027,21708,236.56,8/4/2026
948,dataset_948,security,CSV Upload,1/4/2027,25350,110.75,8/5/2026
949,dataset_949,finance,CSV Upload,1/5/2027,21131,357.58,8/6/2026
950,dataset_950,operations,CSV Upload,1/6/2027,1802,461.71,8/7/2026
951,dataset_951,sales,API,1/7/2027,21190,81.06,8/8/2026
952,dataset_952,sales,API,1/8/2027,39153,322.33,8/9/2026
953,dataset_953,security,Database,1/9/2027,31944,157.19,8/10/2026
954,dataset_954,finance,CSV Upload,1/10/2027,20680,181.57,8/11/2026
955,dataset_955,security,CSV Upload,1/11/2027,2181,476.24,8/12/2026
956,dataset_956,security,Database,1/12/2027,1700,31.55,8/13/2026
957,dataset_957,security,CSV Upload,1/13/2027,13834,369.23,8/14/2026
958,dataset_958,security,Database,1/14/2027,41171,401.59,8/15/2026
959,dataset_959,sales,API,1/15/2027,43581,444.7,8/16/2026
960,dataset_960,operations,Database,1/16/2027,10581,284.36,8/17/2026
961,dataset_961,sales,Database,1/17/2027,2980,493.73,8/18/2026
962,dataset_962,sales,API,1/18/2027,32298,447.58,8/19/2026
963,dataset_963,security,API,1/19/2027,15891,278.41,8/20/2026
964,dataset_964,sales,CSV Upload,1/20/2027,28039,80.87,8/21/2026
965,dataset_965,security,CSV Upload,1/21/2027,31851,159.38,8/22/2026
966,dataset_966,finance,API,1/22/2027,21147,212.22,8/23/2026
967,dataset_967,operations,Database,1/23/2027,19493,272.58,8/24/2026
968,dataset_968,operations,API,1/24/2027,22937,335.05,8/25/2026
969,dataset_969,sales,CSV Upload,1/25/2027,21134,224.9,8/26/2026
970,dataset_970,finance,CSV Upload,1/26/2027,2990,310.49,8/27/2026
971,dataset_971,operations,Database,1/27/2027,30670,472.53,8/28/2026
972,dataset_972,finance,Database,1/28/2027,25416,33.5,8/29/2026
973,dataset_973,finance,Database,1/29/2027,28172,122.41,8/30/2026
974,dataset_974,security,CSV Upload,1/30/2027,36742,342.09,8/31/2026
975,dataset_975,security,API,1/31/2027,47750,195.03,9/1/2026
976,dataset_976,security,Database,2/1/2027,25745,174.32,9/2/2026
977,dataset_977,operations,API,2/2/2027,5479,122.2,9/3/2026
978,dataset_978,operations,API,2/3/2027,27818,122.58,9/4/2026
979,dataset_979,sales,CSV Upload,2/4/2027,20253,235.81,9/5/2026
980,dataset_980,sales,CSV Upload,2/5/2027,27230,104.47,9/6/2026
981,dataset_981,security,Database,2/6/2027,10649,246.17,9/7/2026
982,dataset_982,finance,CSV Upload,2/7/2027,34339,199.63,9/8/2026
983,dataset_983,sales,CSV Upload,2/8/2027,18217,320.8,9/9/2026
984,dataset_984,security,Database,2/9/2027,48916,16.47,9/10/2026
985,dataset_985,finance,API,2/10/2027,11533,122.16,9/11/2026
986,dataset_986,security,CSV Upload,2/11/2027,19115,86.83,9/12/2026
987,dataset_987,finance,CSV Upload,2/12/2027,12335,114.9,9/13/2026
988,dataset_988,operations,Database,2/13/2027,29898,325.6,9/14/2026
989,dataset_989,security,Database,2/14/2027,29952,195.41,9/15/2026
990,dataset_990,sales,API,2/15/2027,45455,19.12,9/16/2026
991,dataset_991,security,API,2/16/2027,49448,339.49,9/17/2026
992,dataset_992,sales,CSV Upload,2/17/2027,47835,368.08,9/18/2026
993,dataset_993,security,Database,2/18/2027,27888,36.35,9/19/2026
994,dataset_994,operations,Database,2/19/2027,45276,98.85,9/20/2026
995,dataset_995,sales,CSV Upload,2/20/2027,15624,194.85,9/21/2026
996,dataset_996,finance,API,2/21/2027,9965,444.87,9/22/2026
997,dataset_997,security,CSV Upload,2/22/2027,22629,94.07,9/23/2026
998,dataset_998,sales,Database,2/23/2027,4309,293.94,9/24/2026
999,dataset_999,operations,CSV Upload,2/24/2027,26025,24.76,9/25/2026
1000,dataset_1000,sales,API,2/25/2027,39879,33.64,9/26/2026
